[{"id":"1","recipe":"22505","name":"Cream of Tomato Soup","meal":"dinner","category":"SALAD BAR","portion":"6 fl. oz","calories":"30.2"}, {"id":"2","recipe":"31003","name":"Steel Cut Oatmeal","meal":"breakfast","category":"BUILD YOUR OWN","portion":"6 fl. oz","calories":"200"}, {"id":"3","recipe":"31011","name":"Oatmeal (Rolled Oats)","meal":"breakfast","category":"BUILD YOUR OWN","portion":"6 fl. oz","calories":"22.9"}, {"id":"4","recipe":"36014","name":"Malted Belgian Waffles","meal":"breakfast","category":"BUILD YOUR OWN","portion":"1 each","calories":"325.4"}, {"id":"5","recipe":"42036","name":"Curried Couscous Salad and Vegetables","meal":"dinner","category":"SALAD BAR","portion":"4 oz","calories":"66.8"}, {"id":"6","recipe":"42037","name":"Roasted Corn Salad with Basil and Tomato","meal":"dinner","category":"SALAD BAR","portion":"4 oz","calories":"66.8"}, {"id":"7","recipe":"42050","name":"Vegan Curried Tofu and Raisin Salad","meal":"lunch","category":"SANDWICH BAR","portion":"4 oz","calories":"23.5"}, {"id":"8","recipe":"42073","name":"Classic Cole Slaw","meal":"lunch","category":"SANDWICH BAR","portion":"4 oz","calories":"50.6"}, {"id":"9","recipe":"47526","name":"Tabbouleh Salad","meal":"dinner","category":"SALAD BAR","portion":"2 oz","calories":"35"}, {"id":"10","recipe":"48006","name":"Flaked Tuna","meal":"dinner","category":"SALAD BAR","portion":"2 oz","calories":"35.9"}, {"id":"11","recipe":"48504","name":"HomemadeTuna Salad","meal":"lunch","category":"SANDWICH BAR","portion":"4 oz","calories":"66.3"}, {"id":"12","recipe":"61003","name":"Scrambled Cage Free Eggs","meal":"breakfast","category":"breakfast ENTREES","portion":"4 oz","calories":"45.1"}, {"id":"13","recipe":"61009","name":"Hard Cooked Eggs - Cage Free","meal":"breakfast","category":"breakfast ENTREES","portion":"2 each","calories":"70"}, {"id":"14","recipe":"61041","name":"Cage-Free Egg Whites","meal":"breakfast","category":"breakfast ENTREES","portion":"4 oz","calories":"14.2"}, {"id":"15","recipe":"61056","name":"Cage Free Eggs Cooked to Order","meal":"breakfast","category":"breakfast ENTREES","portion":"1 each","calories":"70"}, {"id":"16","recipe":"71039","name":"Home Cooked Roast Beef","meal":"lunch","category":"SANDWICH BAR","portion":"4 oz","calories":"38.7"}, {"id":"17","recipe":"75012","name":"Crispy Fish Sandwich","meal":"dinner","category":"FROM THE GRILLE","portion":"1 each","calories":"360"}, {"id":"18","recipe":"77003","name":"Grilled Hamburger","meal":"dinner","category":"FROM THE GRILLE","portion":"1 each","calories":"241.7"}, {"id":"19","recipe":"77022","name":"Grilled Frankfurter","meal":"dinner","category":"FROM THE GRILLE","portion":"1 each","calories":"172.1"}, {"id":"20","recipe":"77520","name":"Taco Meat","meal":"lunch","category":"BUILD YOUR OWN","portion":"1 1\/2 oz","calories":"77.6"}, {"id":"21","recipe":"89001","name":"Bacon","meal":"breakfast","category":"breakfast MEATS","portion":"2 each","calories":"40.5"}, {"id":"22","recipe":"111049","name":"Chicken Fingers","meal":"lunch","category":"ENTREES","portion":"6 oz","calories":"70.4"}, {"id":"23","recipe":"112005","name":"Mesquite Rotisserie Chicken","meal":"dinner","category":"ENTREES","portion":"1 each","calories":"175.5"}, {"id":"24","recipe":"113520","name":"Smoked Turkey Breast","meal":"lunch","category":"SANDWICH BAR","portion":"4 oz","calories":"30.4"}, {"id":"25","recipe":"117003","name":"Chickwich","meal":"dinner","category":"FROM THE GRILLE","portion":"1 each","calories":"250"}, {"id":"26","recipe":"122511","name":"Home Made Fish Cakes","meal":"dinner","category":"ENTREES","portion":"2 CAKES","calories":"143.9"}, {"id":"27","recipe":"130003","name":"Feta Cheese","meal":"dinner","category":"SALAD BAR","portion":"2 oz","calories":"74.8"}, {"id":"28","recipe":"130025","name":"Shredded Cheddar Cheese","meal":"lunch","category":"BUILD YOUR OWN","portion":"1 oz","calories":"114.3"}, {"id":"29","recipe":"130029","name":"Cheddar Cheese","meal":"lunch","category":"SANDWICH BAR","portion":"1 oz","calories":"114.3"}, {"id":"30","recipe":"130074","name":"Yellow American Cheese","meal":"lunch","category":"SANDWICH BAR","portion":"1 oz","calories":"104.4"}, {"id":"31","recipe":"133026","name":"Turkey Burger","meal":"dinner","category":"FROM THE GRILLE","portion":"1 each","calories":"136.4"}, {"id":"32","recipe":"138003","name":"Grilled Cheese Sandwich","meal":"dinner","category":"FROM THE GRILLE","portion":"1 each","calories":"374.8"}, {"id":"33","recipe":"138014","name":"Grilled Chicken","meal":"dinner","category":"FROM THE GRILLE","portion":"1 each","calories":"151.9"}, {"id":"34","recipe":"138015","name":"Grilled Ham and Cheese","meal":"dinner","category":"FROM THE GRILLE","portion":"1 each","calories":"433"}, {"id":"35","recipe":"141087","name":"Quinoa and Vegetable Jambalaya","meal":"dinner","category":"ENTREE","portion":"8 oz","calories":"30.7"}, {"id":"36","recipe":"142055","name":"Garden Burger","meal":"dinner","category":"FROM THE GRILLE","portion":"1 each","calories":"188.9"}, {"id":"37","recipe":"142539","name":"Hummus","meal":"dinner","category":"SALAD BAR","portion":"2 oz","calories":"54.5"}, {"id":"38","recipe":"142583","name":"Vegan Taco Crumbles","meal":"lunch","category":"BUILD YOUR OWN","portion":"1 1\/2 oz","calories":"48.1"}, {"id":"39","recipe":"143001","name":"Tofu","meal":"dinner","category":"SALAD BAR","portion":"2 oz","calories":"28.7"}, {"id":"40","recipe":"143059","name":"Vegan Dog","meal":"dinner","category":"FROM THE GRILLE","portion":"1 each","calories":"111.1"}, {"id":"41","recipe":"144002","name":"Western Style Guacamole","meal":"lunch","category":"BUILD YOUR OWN","portion":"1 oz","calories":"42.5"}, {"id":"42","recipe":"144016","name":"Flour Tortillas","meal":"lunch","category":"BUILD YOUR OWN","portion":"1 each","calories":"130"}, {"id":"43","recipe":"144018","name":"Thick and Chunky Mild Salsa","meal":"lunch","category":"BUILD YOUR OWN","portion":"2 fl. oz","calories":"8.9"}, {"id":"44","recipe":"144024","name":"Taco Shells","meal":"lunch","category":"BUILD YOUR OWN","portion":"1 each","calories":"160"}, {"id":"45","recipe":"145070","name":"Grilled Bean Burrito","meal":"dinner","category":"FROM THE GRILLE","portion":"1 each","calories":"181.6"}, {"id":"46","recipe":"157007","name":"Sweet Honey BBQ Sauce","meal":"lunch","category":"ACCOMPANIMENTS & FRUIT","portion":"1 fl. oz","calories":"53.6"}, {"id":"47","recipe":"157023","name":"Duck Sauce","meal":"lunch","category":"ACCOMPANIMENTS & FRUIT","portion":"1 fl. oz","calories":"31.6"}, {"id":"48","recipe":"157033","name":"Sriracha Chili Sauce","meal":"dinner","category":"BROWN RICE STATION","portion":"1 TSP","calories":"6"}, {"id":"49","recipe":"157037","name":"Rice Vinegar","meal":"dinner","category":"BROWN RICE STATION","portion":"1 TSP","calories":"0"}, {"id":"50","recipe":"158059","name":"Organic Marinara Sauce","meal":"lunch","category":"SALAD BAR","portion":"4 fl. oz","calories":"25.5"}, {"id":"51","recipe":"161002","name":"French Fries","meal":"lunch","category":"STARCH & POTATOES","portion":"4 oz","calories":"89.6"}, {"id":"52","recipe":"161048","name":"Shredded Hashbrowns","meal":"breakfast","category":"STARCH & POTATOES","portion":"4 oz","calories":"26.6"}, {"id":"53","recipe":"161056","name":"Hard Cooked Eggs","meal":"dinner","category":"SALAD BAR","portion":"1 each","calories":"78.4"}, {"id":"54","recipe":"171060","name":"Corn Niblets","meal":"dinner","category":"SALAD BAR","portion":"2 oz","calories":"22"}, {"id":"55","recipe":"173008","name":"Steamed Corn","meal":"lunch","category":"VEGETABLES","portion":"4 oz","calories":"22"}, {"id":"56","recipe":"175017","name":"Sauteed Butternut Squash","meal":"dinner","category":"VEGETABLES","portion":"4 oz","calories":"11.6"}, {"id":"57","recipe":"175021","name":"Tomato Wedges","meal":"dinner","category":"SALAD BAR","portion":"2 oz","calories":"6"}, {"id":"58","recipe":"175022","name":"Sliced Cucumbers","meal":"dinner","category":"SALAD BAR","portion":"2 oz","calories":"2.9"}, {"id":"59","recipe":"175035","name":"Leaf Lettuce","meal":"lunch","category":"SANDWICH BAR","portion":"1 oz","calories":"4.3"}, {"id":"60","recipe":"175036","name":"Sliced Tomatoes","meal":"lunch","category":"SANDWICH BAR","portion":"1 oz","calories":"6"}, {"id":"61","recipe":"175050","name":"Spinach Salad Base","meal":"dinner","category":"SALAD BAR","portion":"2 oz","calories":"6.1"}, {"id":"62","recipe":"175052","name":"Diced Tomatoes","meal":"lunch","category":"BUILD YOUR OWN","portion":"1 oz","calories":"6"}, {"id":"63","recipe":"175054","name":"HUDS Salad Mix","meal":"dinner","category":"SALAD BAR","portion":"2 oz","calories":"3.7"}, {"id":"64","recipe":"175055","name":"Shredded Lettuce","meal":"lunch","category":"BUILD YOUR OWN","portion":"1 oz","calories":"4"}, {"id":"65","recipe":"176007","name":"Sliced Red Onions","meal":"lunch","category":"SANDWICH BAR","portion":"1 oz","calories":"9.4"}, {"id":"66","recipe":"176009","name":"Baba Ghanoush","meal":"dinner","category":"ENTREE","portion":"2 oz","calories":"40"}, {"id":"67","recipe":"176067","name":"Suntan Pepper Strips","meal":"dinner","category":"SALAD BAR","portion":"2 oz","calories":"4.5"}, {"id":"68","recipe":"176077","name":"Sauteed Spinach with Garlic","meal":"lunch","category":"VEGETABLES","portion":"4 oz","calories":"10.8"}, {"id":"69","recipe":"178008","name":"Peeled Baby Carrots","meal":"dinner","category":"SALAD BAR","portion":"2 oz","calories":"10.5"}, {"id":"70","recipe":"182002","name":"Oatmeal Raisin Cookies","meal":"lunch","category":"DESSERTS","portion":"1 each","calories":"120"}, {"id":"71","recipe":"184026","name":"Vanilla Frozen Yogurt","meal":"dinner","category":"DESSERTS","portion":"2 fl. oz","calories":"27"}, {"id":"72","recipe":"184042","name":"Yellow Cake Batter Frozen Yogurt","meal":"dinner","category":"DESSERTS","portion":"2 fl. oz","calories":"31.8"}, {"id":"73","recipe":"185095","name":"Pumpkin Tea Bread","meal":"breakfast","category":"breakfast BAKERY","portion":"1 slice","calories":"193.7"}, {"id":"74","recipe":"191001","name":"Pancake Syrup","meal":"breakfast","category":"BUILD YOUR OWN","portion":"1 fl. oz","calories":"95.9"}, {"id":"75","recipe":"199001","name":"Whipped Topping","meal":"breakfast","category":"BUILD YOUR OWN","portion":"1 fl. oz","calories":"48.9"}, {"id":"76","recipe":"200767","name":"Chipotle Mayonnaise","meal":"lunch","category":"SANDWICH BAR","portion":"1 fl. oz","calories":"91.1"}, {"id":"77","recipe":"201001","name":"Grapefruit","meal":"breakfast","category":"ACCOMPANIMENTS & FRUIT","portion":"1\/2 each","calories":"55.7"}, {"id":"78","recipe":"201002","name":"Local Apples","meal":"breakfast","category":"ACCOMPANIMENTS & FRUIT","portion":"1 each","calories":"71.8"}, {"id":"79","recipe":"201003","name":"Oranges","meal":"breakfast","category":"ACCOMPANIMENTS & FRUIT","portion":"1 each","calories":"59.2"}, {"id":"80","recipe":"201004","name":"Bananas","meal":"breakfast","category":"ACCOMPANIMENTS & FRUIT","portion":"1 each","calories":"133.7"}, {"id":"81","recipe":"204008","name":"Strawberry Sauce","meal":"breakfast","category":"BUILD YOUR OWN","portion":"1 fl. oz","calories":"29.5"}, {"id":"82","recipe":"204016","name":"Blueberries in Blueberry Juice","meal":"breakfast","category":"BUILD YOUR OWN","portion":"1 fl. oz","calories":"11.6"}, {"id":"83","recipe":"205002","name":"Sliced Yellow Peaches","meal":"dinner","category":"SALAD BAR","portion":"2 oz","calories":"10"}, {"id":"84","recipe":"205005","name":"Applesauce","meal":"dinner","category":"SALAD BAR","portion":"2 oz","calories":"19.3"}, {"id":"85","recipe":"211020","name":"Hamburger Rolls","meal":"dinner","category":"FROM THE GRILLE","portion":"1 each","calories":"140"}, {"id":"86","recipe":"211029","name":"Frankfurter Rolls","meal":"dinner","category":"FROM THE GRILLE","portion":"1 each","calories":"120"}, {"id":"87","recipe":"211030","name":"Lavash Bread","meal":"dinner","category":"BREAD ROLLS MISC BAKERY","portion":"2 oz","calories":"74"}, {"id":"88","recipe":"211052","name":"Whole Grain Bread","meal":"lunch","category":"SANDWICH BAR","portion":"1 LOAF","calories":"1440"}, {"id":"89","recipe":"211054","name":"White Dinner Roll","meal":"dinner","category":"BREAD ROLLS MISC BAKERY","portion":"1 each","calories":"80"}, {"id":"90","recipe":"213012","name":"Assorted Bagels","meal":"breakfast","category":"breakfast BREADS","portion":"1 each","calories":"0"}, {"id":"91","recipe":"213048","name":"Whole Wheat Banana Nut Muffin","meal":"breakfast","category":"breakfast BAKERY","portion":"1 each","calories":"323.1"}, {"id":"92","recipe":"217002","name":"Potato Chips","meal":"lunch","category":"SANDWICH BAR","portion":"1 oz","calories":"151.9"}, {"id":"93","recipe":"221003","name":"Tartar Sauce","meal":"dinner","category":"ACCOMPANIMENTS & FRUIT","portion":"1 fl. oz","calories":"81"}, {"id":"94","recipe":"221004","name":"Sour Cream","meal":"lunch","category":"BUILD YOUR OWN","portion":"1 oz","calories":"55.5"}, {"id":"95","recipe":"221012","name":"Pepper Relish","meal":"lunch","category":"SANDWICH BAR","portion":"1 oz","calories":"0"}, {"id":"96","recipe":"221013","name":"Honey Mustard Sauce","meal":"lunch","category":"ACCOMPANIMENTS & FRUIT","portion":"1 fl. oz","calories":"71.8"}, {"id":"97","recipe":"221019","name":"Kosher Dill Pickle Chips","meal":"lunch","category":"SANDWICH BAR","portion":"3 each","calories":"0.6"}, {"id":"98","recipe":"221050","name":"Natural Lite Soy Sauce","meal":"dinner","category":"BROWN RICE STATION","portion":"1 TSP","calories":"3.2"}, {"id":"99","recipe":"319046","name":"Honey Mesquite Sliced Chicken","meal":"lunch","category":"SANDWICH BAR","portion":"4 oz","calories":"25.3"}, {"id":"100","recipe":"501033","name":"Boca Burger for Grill","meal":"dinner","category":"FROM THE GRILLE","portion":"1 each","calories":"70"}, {"id":"101","recipe":"501071","name":"Chocolate Cream Pie","meal":"dinner","category":"DESSERTS","portion":"1 slice","calories":"242.2"}, {"id":"102","recipe":"501072","name":"Multi-Grain Waffles","meal":"breakfast","category":"BUILD YOUR OWN","portion":"1 each","calories":"320.4"}, {"id":"103","recipe":"501086","name":"Kalamata Olives","meal":"dinner","category":"SALAD BAR","portion":"1 oz","calories":"49.9"}, {"id":"104","recipe":"502080","name":"Tomato Quiche","meal":"lunch","category":"ENTREE","portion":"1 slice","calories":"334.5"}, {"id":"105","recipe":"503087","name":"Wheat Rolls","meal":"dinner","category":"BREAD ROLLS MISC BAKERY","portion":"1 each","calories":"120"}, {"id":"106","recipe":"504008","name":"Onion & Thyme Braised Potatoes","meal":"dinner","category":"STARCH & POTATOES","portion":"4 oz","calories":"30.9"}, {"id":"107","recipe":"505021","name":"Vegetable Hummus","meal":"dinner","category":"SALAD BAR","portion":"2 oz","calories":"0"}, {"id":"108","recipe":"505056","name":"Vegan Chicken Grill Patty","meal":"dinner","category":"FROM THE GRILLE","portion":"1 each","calories":"160"}, {"id":"109","recipe":"505064","name":"Brown Rice","meal":"dinner","category":"BROWN RICE STATION","portion":"3 oz","calories":"47.7"}]
